id,prompt,prediction,gold,correct,running_accuracy
0," Answer the following multiple choice question about Moloko grammar.

    Respond ONLY with A, B, C, or D.

    Question:
    Question 0:
You are a linguist specializing in Moloko. You are given a sentence along with its morpheme breakdown, gloss, and translation. Words are separated by spaces, and morphemes are separated by hyphens. However, a word and its gloss are missing and represented by an underscore. Based on your understanding, please choose the most appropriate option.
Sentence (with missing item): ___ albaja=ahaj t…Ē-l…Ē a l…™h…õ
Gloss (with missing item): ___ youth=Pl 3P+PFV-go at bush
The English translation of this sentence is:‚ÄėYesterday the youths went to the bush.‚Äô
Here is a relevant knowledge point for this example, with the related morphemes and glosses masked: The first element in the clause can be a temporal noun phrase (\ref{ex:10:1}).
Please only return the letter (A‚ÄďD). Do not say anything else.

    Options:
    A: word: apazaŇč	 gloss: yesterday
B: word: …õg…™n…õ	 gloss: today
C: word: m…õj	 gloss: how?
D: word: azana	 gloss: maybe

    Answer:
    ",A,A,True,1.0
1," Answer the following multiple choice question about Moloko grammar.

    Respond ONLY with A, B, C, or D.

    Question:
    Question 1:
You are a linguist specializing in Moloko. You are given a sentence along with its morpheme breakdown, gloss, and translation. Words are separated by spaces, and morphemes are separated by hyphens. However, a word and its gloss are missing and represented by an underscore. Based on your understanding, please choose the most appropriate option.
Sentence (with missing item): ___ √†-h…ôm-aj
Gloss (with missing item): ___ 3S+PFV-run-CL
The English translation of this sentence is:‚ÄėHawa ran.‚Äô
Here is a relevant knowledge point for this example, with the related morphemes and glosses masked: The subject is expressed by the subject pronominal on the verb (\sectref{sec:7.3.1}). A coreferential noun phrase can be present for discourse functions (\ref{ex:10:2} and \ref{ex:10:3}). The coreferential noun phrase precedes the verb.
Please only return the letter (A‚ÄďD). Do not say anything else.

    Options:
    A: word: hawa	 gloss: Hawa
B: word: ana	 gloss: DAT
C: word: alma	 gloss: what
D: word: awak=ahaj	 gloss: goat=Pl

    Answer:
    ",A,A,True,1.0
2," Answer the following multiple choice question about Moloko grammar.

    Respond ONLY with A, B, C, or D.

    Question:
    Question 2:
You are a linguist specializing in Moloko. You are given a sentence along with its morpheme breakdown, gloss, and translation. Words are separated by spaces, and morphemes are separated by hyphens. However, a word and its gloss are missing and represented by an underscore. Based on your understanding, please choose the most appropriate option.
Sentence (with missing item): ___ n\'{…Ē}-z…Ēm na
Gloss (with missing item): ___ 3S+PFV-eat 3S.DO
The English translation of this sentence is:‚ÄėI myself ate it.‚Äô
Here is a relevant knowledge point for this example, with the related morphemes and glosses masked: The subject is expressed by the subject pronominal on the verb (\sectref{sec:7.3.1}). A coreferential noun phrase can be present for discourse functions (\ref{ex:10:2} and \ref{ex:10:3}). The coreferential noun phrase precedes the verb.
Please only return the letter (A‚ÄďD). Do not say anything else.

    Options:
    A: word: maj	 gloss: what
B: word: …õl…õ=ahaŇč	 gloss: thing=3S.POSS
C: word: m…™-mb…™…ó-…õ=ahaŇč	 gloss: NOM-remain-CL=3S.POSS
D: word: n…õ=ahaŇč	 gloss: oneS=3S.POSS

    Answer:
    ",A,D,False,0.6666666666666666
3," Answer the following multiple choice question about Moloko grammar.

    Respond ONLY with A, B, C, or D.

    Question:
    Question 3:
You are a linguist specializing in Moloko. You are given a sentence along with its morpheme breakdown, gloss, and translation. Words are separated by spaces, and morphemes are separated by hyphens. However, a word and its gloss are missing and represented by an underscore. Based on your understanding, please choose the most appropriate option.
Sentence (with missing item): [bab…ôza=ahaj n…™ndij…õ] ___ bahaj]
Gloss (with missing item): children=Pl DEM ___ chief
The English translation of this sentence is:‚ÄėThe children here belong to the chief.‚Äô / ‚ÄėThe children here[are] belonging to the chief.‚Äô
Here is a relevant knowledge point for this example, with the related morphemes and glosses masked: Predicate nominal (\ref{ex:10:10}--\ref{ex:10:12}), predicate adjective \REF{ex:10:13}, and predicate possessive (\ref{ex:10:14} and \ref{ex:10:15}) clauses lack any verb and consist of a juxtaposition of two noun phrases, in an order shown in \figref{fig:17}.
Please only return the letter (A‚ÄďD). Do not say anything else.

    Options:
    A: word: aŇčga=uwla	 gloss: POSS=oneS.POSS
B: word: …õt…õ	 gloss: please
C: word: aŇčga	 gloss: POSS
D: word: m…™-n í-ij…õ	 gloss: NOM-sit-CL

    Answer:
    ",A,C,False,0.5
4," Answer the following multiple choice question about Moloko grammar.

    Respond ONLY with A, B, C, or D.

    Question:
    Question 4:
You are a linguist specializing in Moloko. You are given a sentence along with its morpheme breakdown, gloss, and translation. Words are separated by spaces, and morphemes are separated by hyphens. However, a word and its gloss are missing and represented by an underscore. Based on your understanding, please choose the most appropriate option.
Sentence (with missing item): [d…ôraj ga] ___ l…™m…õ]
Gloss (with missing item): head ADJ ___ 1PEX
The English translation of this sentence is:‚ÄėThe head belonged to us.‚Äô/ ‚ÄėThe head [was] belonging to us.‚Äô
Here is a relevant knowledge point for this example, with the related morphemes and glosses masked: Predicate nominal (\ref{ex:10:10}--\ref{ex:10:12}), predicate adjective \REF{ex:10:13}, and predicate possessive (\ref{ex:10:14} and \ref{ex:10:15}) clauses lack any verb and consist of a juxtaposition of two noun phrases, in an order shown in \figref{fig:17}.
Please only return the letter (A‚ÄďD). Do not say anything else.

    Options:
    A: word: haj=va	 gloss: millet=PRF
B: word: aŇčga=uwla	 gloss: POSS=oneS.POSS
C: word: kaj	 gloss: interj.
D: word: aŇčga	 gloss: POSS

    Answer:
    ",D,D,True,0.6
5," Answer the following multiple choice question about Moloko grammar.

    Respond ONLY with A, B, C, or D.

    Question:
    Question 5:
You are a linguist specializing in Moloko. You are given a sentence along with its morpheme breakdown, gloss, and translation. Words are separated by spaces, and morphemes are separated by hyphens. However, a word and its gloss are missing and represented by an underscore. Based on your understanding, please choose the most appropriate option.
Sentence (with missing item): [√†-l=ala ___
Gloss (with missing item): 3S+PFV-go=to ___
The English translation of this sentence is:‚ÄėHe/she didn‚Äôt come.‚Äô
Here is a relevant knowledge point for this example, with the related morphemes and glosses masked: The all-purpose negative is the particle bay, which follows the verb phrase and occurs (\ref{ex:10:19}--\ref{ex:10:21}) before any interrogative word (see \sectref{sec:10.3}). In the examples in this section, the negative is bolded and the negation construction is in square brackets.
Please only return the letter (A‚ÄďD). Do not say anything else.

    Options:
    A: word: …óaw	 gloss: {Q
B: word: asa-baj	 gloss: again-NEG
C: word: d…ôr=aka=ala	 gloss: move[twoS.IMP]=on=to
D: word: baj	 gloss: NEG

    Answer:
    ",D,D,True,0.6666666666666666
6," Answer the following multiple choice question about Moloko grammar.

    Respond ONLY with A, B, C, or D.

    Question:
    Question 6:
You are a linguist specializing in Moloko. You are given a sentence along with its morpheme breakdown, gloss, and translation. Words are separated by spaces, and morphemes are separated by hyphens. However, a word and its gloss are missing and represented by an underscore. Based on your understanding, please choose the most appropriate option.
Sentence (with missing item): [t√°√°-…ģ…ôg=alaj av äl…Ē ___
Gloss (with missing item): 3P+POT-throw=away above ___
The English translation of this sentence is:‚ÄėThey should not throw it too high.‚Äô
Here is a relevant knowledge point for this example, with the related morphemes and glosses masked: The all-purpose negative is the particle bay, which follows the verb phrase and occurs (\ref{ex:10:19}--\ref{ex:10:21}) before any interrogative word (see \sectref{sec:10.3}). In the examples in this section, the negative is bolded and the negation construction is in square brackets.
Please only return the letter (A‚ÄďD). Do not say anything else.

    Options:
    A: word: asa-baj	 gloss: again-NEG
B: word: baj	 gloss: NEG
C: word: a-dz=aŇč	 gloss: 3S-speak=3S.IO
D: word: alma	 gloss: what

    Answer:
    ",B,B,True,0.7142857142857143
7," Answer the following multiple choice question about Moloko grammar.

    Respond ONLY with A, B, C, or D.

    Question:
    Question 7:
You are a linguist specializing in Moloko. You are given a sentence along with its morpheme breakdown, gloss, and translation. Words are separated by spaces, and morphemes are separated by hyphens. However, a word and its gloss are missing and represented by an underscore. Based on your understanding, please choose the most appropriate option.
Sentence (with missing item): [ta-g=aw …õl…õ lala ___
Gloss (with missing item): 3P-do=oneS.IO thing good ___
The English translation of this sentence is:‚ÄėThey do bad things to me.‚Äô / ‚ÄėThey don‚Äôt do good things to me.‚Äô
Here is a relevant knowledge point for this example, with the related morphemes and glosses masked: In (\ref{ex:10:22}--\ref{ex:10:24}) the negative is clause-final and may have sematic scope over the entire proposition (c.f. constituent negation, \sectref{sec:10.2.3}). See especially \REF{ex:10:23} where it is clear that the entire proposition is being negated, and not just the information within the constituent closest to the negative. The meaning is ‚Äėdon‚Äôt insult a small person.‚Äô If the information in only one constituent was being negated, the meaning would have been ‚Äėinsult a person who is not small.‚Äô
Please only return the letter (A‚ÄďD). Do not say anything else.

    Options:
    A: word: asa-baj	 gloss: again-NEG
B: word: alma	 gloss: what
C: word: l-…Ēm	 gloss: go[IMP]-twoP
D: word: baj	 gloss: NEG

    Answer:
    ",D,D,True,0.75
8," Answer the following multiple choice question about Moloko grammar.

    Respond ONLY with A, B, C, or D.

    Question:
    Question 8:
You are a linguist specializing in Moloko. You are given a sentence along with its morpheme breakdown, gloss, and translation. Words are separated by spaces, and morphemes are separated by hyphens. However, a word and its gloss are missing and represented by an underscore. Based on your understanding, please choose the most appropriate option.
Sentence (with missing item): [√†-ndaj d…™r…õŇč ___
Gloss (with missing item): 3S+PFV-PRG far ___
The English translation of this sentence is:‚ÄėHe/she was not far.‚Äô
Here is a relevant knowledge point for this example, with the related morphemes and glosses masked: In (\ref{ex:10:22}--\ref{ex:10:24}) the negative is clause-final and may have sematic scope over the entire proposition (c.f. constituent negation, \sectref{sec:10.2.3}). See especially \REF{ex:10:23} where it is clear that the entire proposition is being negated, and not just the information within the constituent closest to the negative. The meaning is ‚Äėdon‚Äôt insult a small person.‚Äô If the information in only one constituent was being negated, the meaning would have been ‚Äėinsult a person who is not small.‚Äô
Please only return the letter (A‚ÄďD). Do not say anything else.

    Options:
    A: word: m…õm…õ	 gloss: how
B: word: baj	 gloss: NEG
C: word: asa-baj	 gloss: again-NEG
D: word: a-h…ôm-aj	 gloss: 3S-run-CL

    Answer:
    ",B,B,True,0.7777777777777778
9," Answer the following multiple choice question about Moloko grammar.

    Respond ONLY with A, B, C, or D.

    Question:
    Question 9:
You are a linguist specializing in Moloko. You are given a sentence along with its morpheme breakdown, gloss, and translation. Words are separated by spaces, and morphemes are separated by hyphens. However, a word and its gloss are missing and represented by an underscore. Based on your understanding, please choose the most appropriate option.
Sentence (with missing item): [k√°-ras-aj m…™ í…õ t É…™…ó…õw ga ___
Gloss (with missing item): twoS+IFV-minimise-CL person smallness ADJ ___
The English translation of this sentence is:‚ÄėDon‚Äôt insult one of the little people.‚Äô
Here is a relevant knowledge point for this example, with the related morphemes and glosses masked: In (\ref{ex:10:22}--\ref{ex:10:24}) the negative is clause-final and may have sematic scope over the entire proposition (c.f. constituent negation, \sectref{sec:10.2.3}). See especially \REF{ex:10:23} where it is clear that the entire proposition is being negated, and not just the information within the constituent closest to the negative. The meaning is ‚Äėdon‚Äôt insult a small person.‚Äô If the information in only one constituent was being negated, the meaning would have been ‚Äėinsult a person who is not small.‚Äô
Please only return the letter (A‚ÄďD). Do not say anything else.

    Options:
    A: word: hawa	 gloss: Hawa
B: word: asa-baj	 gloss: again-NEG
C: word: na-…¨-aj	 gloss: oneS-slay-CL
D: word: baj	 gloss: NEG

    Answer:
    ",D,D,True,0.8
10," Answer the following multiple choice question about Moloko grammar.

    Respond ONLY with A, B, C, or D.

    Question:
    Question 10:
You are a linguist specializing in Moloko. You are given a sentence along with its morpheme breakdown, gloss, and translation. Words are separated by spaces, and morphemes are separated by hyphens. However, a word and its gloss are missing and represented by an underscore. Based on your understanding, please choose the most appropriate option.
Sentence (with missing item): ndahaŇč g…ôdaŇč ga ___
Gloss (with missing item): 3S strength ADJ ___
The English translation of this sentence is:‚ÄėHe/she is not strong.‚Äô
Here is a relevant knowledge point for this example, with the related morphemes and glosses masked: For clausal negation, there is no change in word order and no change in clause constituents apart from the addition of the clause final negative particle. A negative clause asserts that some event or state does not hold. Various types of clausal negation in Moloko are illustrated in (\ref{ex:10:28}--\ref{ex:10:43}). Each pair of examples represents a positive and a negative assertion for comparison.
Please only return the letter (A‚ÄďD). Do not say anything else.

    Options:
    A: word: ava	 gloss: in
B: word: am…™-g-ij…õ	 gloss: DEP-do-CL
C: word: asa-baj	 gloss: again-NEG
D: word: baj	 gloss: NEG

    Answer:
    ",D,D,True,0.8181818181818182
11," Answer the following multiple choice question about Moloko grammar.

    Respond ONLY with A, B, C, or D.

    Question:
    Question 11:
You are a linguist specializing in Moloko. You are given a sentence along with its morpheme breakdown, gloss, and translation. Words are separated by spaces, and morphemes are separated by hyphens. However, a word and its gloss are missing and represented by an underscore. Based on your understanding, please choose the most appropriate option.
Sentence (with missing item): a-h…ôm-aj ___
Gloss (with missing item): 3S-run-CL ___
The English translation of this sentence is:‚ÄėHe/she doesn‚Äôt run.‚Äô
Here is a relevant knowledge point for this example, with the related morphemes and glosses masked: The negation of an intransitive clause is illustrated in \REF{ex:10:28} and \REF{ex:10:29}.
Please only return the letter (A‚ÄďD). Do not say anything else.

    Options:
    A: word: asa-baj	 gloss: again-NEG
B: word: …õt…õj	 gloss: please
C: word: baj	 gloss: NEG
D: word: p…õw	 gloss: enough

    Answer:
    ",C,C,True,0.8333333333333334
12," Answer the following multiple choice question about Moloko grammar.

    Respond ONLY with A, B, C, or D.

    Question:
    Question 12:
You are a linguist specializing in Moloko. You are given a sentence along with its morpheme breakdown, gloss, and translation. Words are separated by spaces, and morphemes are separated by hyphens. However, a word and its gloss are missing and represented by an underscore. Based on your understanding, please choose the most appropriate option.
Sentence (with missing item): a-s=aw  É…õ É…õ ___
Gloss (with missing item): 3S-please=oneS.IO meat ___
The English translation of this sentence is:‚ÄėI do not want meat.‚Äô
Here is a relevant knowledge point for this example, with the related morphemes and glosses masked: THe negation of a transitive clause is shown in (\ref{ex:10:30}--\ref{ex:10:35}).
Please only return the letter (A‚ÄďD). Do not say anything else.

    Options:
    A: word: asa-baj	 gloss: again-NEG
B: word: a-h…ôm-aj	 gloss: 3S-run-CL
C: word: kamaj	 gloss: why
D: word: baj	 gloss: NEG

    Answer:
    ",D,D,True,0.8461538461538461
13," Answer the following multiple choice question about Moloko grammar.

    Respond ONLY with A, B, C, or D.

    Question:
    Question 13:
You are a linguist specializing in Moloko. You are given a sentence along with its morpheme breakdown, gloss, and translation. Words are separated by spaces, and morphemes are separated by hyphens. However, a word and its gloss are missing and represented by an underscore. Based on your understanding, please choose the most appropriate option.
Sentence (with missing item): dala an=aw aka ___
Gloss (with missing item): money DAT=oneS EXT+on ___
The English translation of this sentence is:‚ÄėI have no money.‚Äô
Here is a relevant knowledge point for this example, with the related morphemes and glosses masked: The negation of existentials is shown in (\ref{ex:10:36}--\ref{ex:10:39}).
Please only return the letter (A‚ÄďD). Do not say anything else.

    Options:
    A: word: asa-baj	 gloss: again-NEG
B: word: hawa	 gloss: Hawa
C: word: ta-ka…ó	 gloss: 3P-kill
D: word: baj	 gloss: NEG

    Answer:
    ",D,D,True,0.8571428571428571
14," Answer the following multiple choice question about Moloko grammar.

    Respond ONLY with A, B, C, or D.

    Question:
    Question 14:
You are a linguist specializing in Moloko. You are given a sentence along with its morpheme breakdown, gloss, and translation. Words are separated by spaces, and morphemes are separated by hyphens. However, a word and its gloss are missing and represented by an underscore. Based on your understanding, please choose the most appropriate option.
Sentence (with missing item): ndahaŇč g…ôdaŇč ga ___
Gloss (with missing item): 3S strength ADJ ___
The English translation of this sentence is:‚ÄėHe/she is not strong.‚Äô
Here is a relevant knowledge point for this example, with the related morphemes and glosses masked: The negation of a predicate adjective is illustrated in (\ref{ex:10:40}--\ref{ex:10:43}).
Please only return the letter (A‚ÄďD). Do not say anything else.

    Options:
    A: word: asa-baj	 gloss: again-NEG
B: word: amb…Ēl…Ē	 gloss: sack
C: word: …õp…õl…õj	 gloss: when
D: word: baj	 gloss: NEG

    Answer:
    ",D,D,True,0.8666666666666667
15," Answer the following multiple choice question about Moloko grammar.

    Respond ONLY with A, B, C, or D.

    Question:
    Question 15:
You are a linguist specializing in Moloko. You are given a sentence along with its morpheme breakdown, gloss, and translation. Words are separated by spaces, and morphemes are separated by hyphens. However, a word and its gloss are missing and represented by an underscore. Based on your understanding, please choose the most appropriate option.
Sentence (with missing item): …õh…õ, […Ē-l…Ē a k…Ēs…Ēk ∑…Ē ava] ___ …õ-n í-…õ a m…Ēg ∑…Ēm
Gloss (with missing item): no 3S-go at market in ___ 3S-stay-CL at home
The English translation of this sentence is:‚ÄėNo, he isn‚Äôt going to the market; rather he is staying at home (or going to the chief‚Äôs house).‚Äô
Here is a relevant knowledge point for this example, with the related morphemes and glosses masked: Most frequently, it seems that the element closest to the negative that is under the scope of negation, even though a clause-final negative marker can have scope over the whole verb phrase or even over the entire clause. To negate only one constituent in a clause, the clause is sometimes rearranged so that the constituent that is negated is placed in the clause-final position adjacent to the negation particle. Examples (\ref{ex:10:44}--\ref{ex:10:46}) show a question \REF{ex:10:44} with two responses (\ref{ex:10:45}--\ref{ex:10:46}) where each of the two ambiguous elements is negated. The subject (Mana) is part of the presupposition (marked off by na in the question, see \sectref{sec:11.2}). In \REF{ex:10:45} the oblique is negated and in \REF{ex:10:46} the entire predicate. The clauses were not restructured since the elements in question were already clause-final. In the following examples, the element that is negated is delimited by square brackets and the negative is bolded.
Please only return the letter (A‚ÄďD). Do not say anything else.

    Options:
    A: word: baj	 gloss: NEG
B: word: asa-baj	 gloss: again-NEG
C: word: …¨…™r…õl…õ=ahaŇč=ahaj	 gloss: work=3S.POSS=Pl
D: word: w…õl…õj	 gloss: which

    Answer:
    ",A,A,True,0.875
16," Answer the following multiple choice question about Moloko grammar.

    Respond ONLY with A, B, C, or D.

    Question:
    Question 16:
You are a linguist specializing in Moloko. You are given a sentence along with its morpheme breakdown, gloss, and translation. Words are separated by spaces, and morphemes are separated by hyphens. However, a word and its gloss are missing and represented by an underscore. Based on your understanding, please choose the most appropriate option.
Sentence (with missing item): …õh…õ, […Ē-l…Ē a k…Ēs…Ēk ∑…Ē ava] ___ …õ-n í-…õ a m…Ēg ∑…Ēm
Gloss (with missing item): no 3S-go at market in ___ 3S-stay-CL at home
The English translation of this sentence is:‚ÄėNo, he isn‚Äôt going to the market; rather he is staying at home (or going to the chief‚Äôs house).‚Äô
Here is a relevant knowledge point for this example, with the related morphemes and glosses masked: Most frequently, it seems that the element closest to the negative that is under the scope of negation, even though a clause-final negative marker can have scope over the whole verb phrase or even over the entire clause. To negate only one constituent in a clause, the clause is sometimes rearranged so that the constituent that is negated is placed in the clause-final position adjacent to the negation particle. Examples (\ref{ex:10:44}--\ref{ex:10:46}) show a question \REF{ex:10:44} with two responses (\ref{ex:10:45}--\ref{ex:10:46}) where each of the two ambiguous elements is negated. The subject (Mana) is part of the presupposition (marked off by na in the question, see \sectref{sec:11.2}). In \REF{ex:10:45} the oblique is negated and in \REF{ex:10:46} the entire predicate. The clauses were not restructured since the elements in question were already clause-final. In the following examples, the element that is negated is delimited by square brackets and the negative is bolded.
Please only return the letter (A‚ÄďD). Do not say anything else.

    Options:
    A: word: tawij	 gloss: 3P+said
B: word: asa-baj	 gloss: again-NEG
C: word: baj	 gloss: NEG
D: word: kaj	 gloss: interj.

    Answer:
    ",C,C,True,0.8823529411764706
17," Answer the following multiple choice question about Moloko grammar.

    Respond ONLY with A, B, C, or D.

    Question:
    Question 17:
You are a linguist specializing in Moloko. You are given a sentence along with its morpheme breakdown, gloss, and translation. Words are separated by spaces, and morphemes are separated by hyphens. However, a word and its gloss are missing and represented by an underscore. Based on your understanding, please choose the most appropriate option.
Sentence (with missing item): …õh…õ, […Ē-l…Ē a k…Ēs…Ēk ∑…Ē ava] ___ …õ-n í-…õ a m…Ēg ∑…Ēm
Gloss (with missing item): no 3S-go at market in ___ 3S-stay-CL at home
The English translation of this sentence is:‚ÄėNo, he isn‚Äôt going to the market; rather he is staying at home (or going to the chief‚Äôs house).‚Äô
Here is a relevant knowledge point for this example, with the related morphemes and glosses masked: Most frequently, it seems that the element closest to the negative that is under the scope of negation, even though a clause-final negative marker can have scope over the whole verb phrase or even over the entire clause. To negate only one constituent in a clause, the clause is sometimes rearranged so that the constituent that is negated is placed in the clause-final position adjacent to the negation particle. Examples (\ref{ex:10:44}--\ref{ex:10:46}) show a question \REF{ex:10:44} with two responses (\ref{ex:10:45}--\ref{ex:10:46}) where each of the two ambiguous elements is negated. The subject (Mana) is part of the presupposition (marked off by na in the question, see \sectref{sec:11.2}). In \REF{ex:10:45} the oblique is negated and in \REF{ex:10:46} the entire predicate. The clauses were not restructured since the elements in question were already clause-final. In the following examples, the element that is negated is delimited by square brackets and the negative is bolded.
Please only return the letter (A‚ÄďD). Do not say anything else.

    Options:
    A: word: asa-baj	 gloss: again-NEG
B: word: √†-ts=aw	 gloss: 3S+PFV-understand=oneS.IO
C: word: baj	 gloss: NEG
D: word: w…õl…õj	 gloss: which

    Answer:
    ",A,C,False,0.8333333333333334
18," Answer the following multiple choice question about Moloko grammar.

    Respond ONLY with A, B, C, or D.

    Question:
    Question 18:
You are a linguist specializing in Moloko. You are given a sentence along with its morpheme breakdown, gloss, and translation. Words are separated by spaces, and morphemes are separated by hyphens. However, a word and its gloss are missing and represented by an underscore. Based on your understanding, please choose the most appropriate option.
Sentence (with missing item): …õh…õ √†-v…ôl=aŇč [k…™nd…õw] ___ √†-v…ôl=aŇč t É…õt ÉŇďk ∑
Gloss (with missing item): no 3S+PFV-give=3S.IO guitar ___ 3S+PFV-give=3S.IO flute
The English translation of this sentence is:‚ÄėNo, he didn‚Äôt give a guitar to his father, he gave him a flute.‚Äô
Here is a relevant knowledge point for this example, with the related morphemes and glosses masked: Examples (\ref{ex:10:47}--\ref{ex:10:50}) show some restructuring when different constituents are negated. Example \REF{ex:10:47} illustrates a question and \REF{ex:10:48} to \REF{ex:10:50} illustrate three possible answers, each negating a different constituent. Normal SVO structure is maintained for all answers. The responses each use two clauses. The first clause expresses the negation of the element in final position, and the second restates the clause giving the corrected information. In each case the first clause is restructured so as to move the element to be negated to the clause-final position. The response in \REF{ex:10:48} indicates that the hearer accepts 'that Mana gave the guitar to someone,' but it was not his father. In this clause, k…ôndew ‚Äėguitar‚Äô is realised as the \oldstylenums{3}\textsc{s} \DO pronominal. The response in \REF{ex:10:49} indicates 'that Mana gave something to his father,' but not a guitar. In this case, the adpositional phrase ana baba ahan ‚Äėto his father‚Äô is replaced by the indirect object pronominal so that the negated element k…ôndew ‚Äėguitar‚Äô can be placed next to the negative.
Please only return the letter (A‚ÄďD). Do not say anything else.

    Options:
    A: word: ta-nd-aj	 gloss: 3P-PROG-CL
B: word: baj	 gloss: NEG
C: word: asa-baj	 gloss: again-NEG
D: word: m…õj	 gloss: how?

    Answer:
    ",B,B,True,0.8421052631578947
19," Answer the following multiple choice question about Moloko grammar.

    Respond ONLY with A, B, C, or D.

    Question:
    Question 19:
You are a linguist specializing in Moloko. You are given a sentence along with its morpheme breakdown, gloss, and translation. Words are separated by spaces, and morphemes are separated by hyphens. However, a word and its gloss are missing and represented by an underscore. Based on your understanding, please choose the most appropriate option.
Sentence (with missing item): zar √†-m…ônzar ___
Gloss (with missing item): man 3S+PFV-see ___
The English translation of this sentence is:‚ÄėWho did the man see?‚Äô
Here is a relevant knowledge point for this example, with the related morphemes and glosses masked: The first clause structure that is employed is the verbal clause structure (SVO), but with substitution of a question word. The verbal clause structure is rearranged in the same manner as for constituent negation (see \sectref{sec:10.2.3}) in order to position the questioned element in the clause-final position so that it is replaced by the interrogative pronoun. Information questions in verbal clauses are paired with a response in (\ref{ex:10:53}--\ref{ex:10:65}) so that the structure of the interrogative clause can be compared with that of the declarative. Examples in this section are given in pairs. The first example in the pair shows the interrogative construction. The second example is the clause with the information filled in for comparison.
Please only return the letter (A‚ÄďD). Do not say anything else.

    Options:
    A: word: …óaw	 gloss: {Q
B: word: waja	 gloss: because
C: word: m…™ í…õ	 gloss: person
D: word: waj	 gloss: who

    Answer:
    ",D,D,True,0.85
20," Answer the following multiple choice question about Moloko grammar.

    Respond ONLY with A, B, C, or D.

    Question:
    Question 20:
You are a linguist specializing in Moloko. You are given a sentence along with its morpheme breakdown, gloss, and translation. Words are separated by spaces, and morphemes are separated by hyphens. However, a word and its gloss are missing and represented by an underscore. Based on your understanding, please choose the most appropriate option.
Sentence (with missing item): n\'{…Ē}-l…Ē ___ k…Ēs…Ēk ∑…Ē ava]
Gloss (with missing item): oneS+PFV-go ___ market in
The English translation of this sentence is:‚ÄėI went to market.‚Äô
Here is a relevant knowledge point for this example, with the related morphemes and glosses masked: The first clthe morpheme ___use structure ththe morpheme ___t is employed is the verbthe morpheme ___l clthe morpheme ___use structure (SVO), but with substitution of the morpheme ___ question word. The verbthe morpheme ___l clthe morpheme ___use structure is rethe morpheme ___rrthe morpheme ___nged in the sthe morpheme ___me mthe morpheme ___nner the morpheme ___s for constituent negthe morpheme ___tion (see \sectref{sec:10.2.3}) in order to position the questioned element in the clthe morpheme ___use-finthe morpheme ___l position so ththe morpheme ___t it is replthe morpheme ___ced by the interrogthe morpheme ___tive pronoun. Informthe morpheme ___tion questions in verbthe morpheme ___l clthe morpheme ___uses the morpheme ___re pthe morpheme ___ired with the morpheme ___ response in (\ref{ex:10:53}--\ref{ex:10:65}) so ththe morpheme ___t the structure of the interrogthe morpheme ___tive clthe morpheme ___use cthe morpheme ___n be compthe morpheme ___red with ththe morpheme ___t of the declthe morpheme ___rthe morpheme ___tive. Exthe morpheme ___mples in this section the morpheme ___re given in pthe morpheme ___irs. The first exthe morpheme ___mple in the pthe morpheme ___ir shows the interrogthe morpheme ___tive construction. The second exthe morpheme ___mple is the clthe morpheme ___use with the informthe morpheme ___tion filled in for compthe morpheme ___rison.
Please only return the letter (A‚ÄďD). Do not say anything else.

    Options:
    A: word: n…ô-ndav=alaj	 gloss: oneS-finish=away
B: word: a	 gloss: at
C: word: n…™Ňčg…õh…õ	 gloss: DEM
D: word: n…õ=ahaŇč	 gloss: oneS=3S.POSS

    Answer:
    ",A,B,False,0.8095238095238095
21," Answer the following multiple choice question about Moloko grammar.

    Respond ONLY with A, B, C, or D.

    Question:
    Question 21:
You are a linguist specializing in Moloko. You are given a sentence along with its morpheme breakdown, gloss, and translation. Words are separated by spaces, and morphemes are separated by hyphens. However, a word and its gloss are missing and represented by an underscore. Based on your understanding, please choose the most appropriate option.
Sentence (with missing item): n\'{…Ē}-l…Ē [a k…Ēs…Ēk ∑…Ē ___
Gloss (with missing item): oneS+PFV-go at market ___
The English translation of this sentence is:‚ÄėI went to market.‚Äô
Here is a relevant knowledge point for this example, with the related morphemes and glosses masked: The first clause structure that is employed is the verbal clause structure (SVO), but with substitution of a question word. The verbal clause structure is rearranged its gloss ___ the same manner as for constituent negation (see \sectref{sec:10.2.3}) its gloss ___ order to position the questioned element its gloss ___ the clause-fits gloss ___al position so that it is replaced by the its gloss ___terrogative pronoun. Information questions its gloss ___ verbal clauses are paired with a response its gloss ___ (\ref{ex:10:53}--\ref{ex:10:65}) so that the structure of the its gloss ___terrogative clause can be compared with that of the declarative. Examples its gloss ___ this section are given its gloss ___ pairs. The first example its gloss ___ the pair shows the its gloss ___terrogative construction. The second example is the clause with the its gloss ___formation filled its gloss ___ for comparison.
Please only return the letter (A‚ÄďD). Do not say anything else.

    Options:
    A: word: …óuw	 gloss: also
B: word: m…ô-m…ôt=ava=alaj	 gloss: NOM-die=in=away
C: word: ava	 gloss: in
D: word: alma	 gloss: what

    Answer:
    ",D,C,False,0.7727272727272727
22," Answer the following multiple choice question about Moloko grammar.

    Respond ONLY with A, B, C, or D.

    Question:
    Question 22:
You are a linguist specializing in Moloko. You are given a sentence along with its morpheme breakdown, gloss, and translation. Words are separated by spaces, and morphemes are separated by hyphens. However, a word and its gloss are missing and represented by an underscore. Based on your understanding, please choose the most appropriate option.
Sentence (with missing item): zar √†-m…ônzar ___
Gloss (with missing item): man 3S+PFV-see ___
The English translation of this sentence is:‚ÄėWho did the man see?‚Äô
Here is a relevant knowledge point for this example, with the related morphemes and glosses masked: \largerpage The direct object is questioned in \REF{ex:10:53}. The presupposed information is that the man saw someone. Note that there are no other elements that follow the direct object in the verb phrase. The interrogative pronoun fills the direct object slot (identified by square brackets).
Please only return the letter (A‚ÄďD). Do not say anything else.

    Options:
    A: word: waja	 gloss: because
B: word: m…™ í…õ	 gloss: person
C: word: apazaŇč	 gloss: yesterday
D: word: waj	 gloss: who

    Answer:
    ",D,D,True,0.782608695652174
23," Answer the following multiple choice question about Moloko grammar.

    Respond ONLY with A, B, C, or D.

    Question:
    Question 23:
You are a linguist specializing in Moloko. You are given a sentence along with its morpheme breakdown, gloss, and translation. Words are separated by spaces, and morphemes are separated by hyphens. However, a word and its gloss are missing and represented by an underscore. Based on your understanding, please choose the most appropriate option.
Sentence (with missing item): h ∑…Ēr …õ-d…õ […õl…õl…õ ___
Gloss (with missing item): woman 3S-prepare sauce ___
The English translation of this sentence is:‚ÄėThe woman is making which kind of sauce?‚Äô
Here is a relevant knowledge point for this example, with the related morphemes and glosses masked: A noun modifier is questioned in \REF{ex:10:55}. The presupposed information is that the woman made some kind of sauce, and the question seeks to find out what kind of sauce. The interrogative pronoun weley ‚Äėits gloss ___‚Äô is within the noun phrase delimited by square brackets in the example. Even though the interrogative pronoun is inside a noun phrase, that noun phrase is clause-final so the interrogative pronoun is the final word in the clause.
Please only return the letter (A‚ÄďD). Do not say anything else.

    Options:
    A: word: w…õl…õj	 gloss: which
B: word: malmaj	 gloss: what
C: word: …õp…õl…õj	 gloss: when
D: word: maj	 gloss: what

    Answer:
    ",A,A,True,0.7916666666666666
24," Answer the following multiple choice question about Moloko grammar.

    Respond ONLY with A, B, C, or D.

    Question:
    Question 24:
You are a linguist specializing in Moloko. You are given a sentence along with its morpheme breakdown, gloss, and translation. Words are separated by spaces, and morphemes are separated by hyphens. However, a word and its gloss are missing and represented by an underscore. Based on your understanding, please choose the most appropriate option.
Sentence (with missing item): k\`{…ô}-l=ala [am…™-g-ij…õ ___
Gloss (with missing item): twoS+PFV-go=to DEP-do-CL ___
The English translation of this sentence is:‚ÄėWhat have you come to do?‚Äô (lit. you have come to do what?)
Here is a relevant knowledge point for this example, with the related morphemes and glosses masked: Example \REF{ex:10:57} questions the direct object of a subordinate clause, in this case a purpose adverbial clause (delimited by square brackets). The presupposed information is that the listener has come to do something. The interrogative pronoun almay ‚Äėits gloss ___‚Äô is clause-final since the adverbial clause has no other elements following the direct object. Two possible responses are shown in \REF{ex:10:58}--\REF{ex:10:59}.
Please only return the letter (A‚ÄďD). Do not say anything else.

    Options:
    A: word: baj	 gloss: NEG
B: word: malmaj	 gloss: what
C: word: almaj	 gloss: what
D: word: w…õl…õj	 gloss: which

    Answer:
    ",C,C,True,0.8
25," Answer the following multiple choice question about Moloko grammar.

    Respond ONLY with A, B, C, or D.

    Question:
    Question 25:
You are a linguist specializing in Moloko. You are given a sentence along with its morpheme breakdown, gloss, and translation. Words are separated by spaces, and morphemes are separated by hyphens. However, a word and its gloss are missing and represented by an underscore. Based on your understanding, please choose the most appropriate option.
Sentence (with missing item): h ∑…Ēr …Ē-l…Ē a k…Ēs…Ēk ∑…Ē ava ___
Gloss (with missing item): woman 3S-go at market in ___
The English translation of this sentence is:‚ÄėWhen is the woman going to market?‚Äô
Here is a relevant knowledge point for this example, with the related morphemes and glosses masked: In \REF{ex:10:62} and \REF{ex:10:64}, an oblique is questioned. The presupposed information is that the woman plans to go to market sometime. The interrogative pronoun is the temporal element in the clause in \REF{ex:10:62}. While temporal noun phrases can occur clause-initially, the interrogative pronoun is again found in the clause-final position.
Please only return the letter (A‚ÄďD). Do not say anything else.

    Options:
    A: word: …õp…õl…õj	 gloss: when
B: word: …óaw	 gloss: {Q
C: word: …õp…õl…õj~	 gloss: when
D: word: k äl…Ē	 gloss: before

    Answer:
    ",A,A,True,0.8076923076923077
26," Answer the following multiple choice question about Moloko grammar.

    Respond ONLY with A, B, C, or D.

    Question:
    Question 26:
You are a linguist specializing in Moloko. You are given a sentence along with its morpheme breakdown, gloss, and translation. Words are separated by spaces, and morphemes are separated by hyphens. However, a word and its gloss are missing and represented by an underscore. Based on your understanding, please choose the most appropriate option.
Sentence (with missing item): k\'{…Ē}-l…Ē ___
Gloss (with missing item): twoS+PFV-go ___
The English translation of this sentence is:‚ÄėWhere did you go?‚Äô
Here is a relevant knowledge point for this example, with the related morphemes and glosses masked: In \REF{ex:10:62} and \REF{ex:10:64}, an oblique is questioned. The presupposed information is that the woman plans to go to market sometime. The interrogative pronoun is the temporal element in the clause in \REF{ex:10:62}. While temporal noun phrases can occur clause-initially, the interrogative pronoun is again found in the clause-final position.
Please only return the letter (A‚ÄďD). Do not say anything else.

    Options:
    A: word: amtamaj	 gloss: where
B: word: kamaj	 gloss: why
C: word: …¨am	 gloss: place
D: word: …õt…õj	 gloss: please

    Answer:
    ",A,A,True,0.8148148148148148
27," Answer the following multiple choice question about Moloko grammar.

    Respond ONLY with A, B, C, or D.

    Question:
    Question 27:
You are a linguist specializing in Moloko. You are given a sentence along with its morpheme breakdown, gloss, and translation. Words are separated by spaces, and morphemes are separated by hyphens. However, a word and its gloss are missing and represented by an underscore. Based on your understanding, please choose the most appropriate option.
Sentence (with missing item): h ∑…Ēr …Ē-l…Ē a k…Ēs…Ēk ∑…Ē ava ___
Gloss (with missing item): woman 3S-go at market in ___
The English translation of this sentence is:‚ÄėWhen is the woman going to market?‚Äô
Here is a relevant knowledge point for this example, with the related morphemes and glosses masked: In \REF{ex:10:62} and \REF{ex:10:64}, an oblique is questioned. The presupposed information is that the woman plans to go to market sometime. The interrogative pronoun is the temporal element in the clause in \REF{ex:10:62}. While temporal noun phrases can occur clause-initially, the interrogative pronoun is again found in the clause-final position.
Please only return the letter (A‚ÄďD). Do not say anything else.

    Options:
    A: word: …õp…õl…õj	 gloss: when
B: word: …óaw	 gloss: {Q
C: word: …õp…õl…õj~	 gloss: when
D: word: k äl…Ē	 gloss: before

    Answer:
    ",A,A,True,0.8214285714285714
28," Answer the following multiple choice question about Moloko grammar.

    Respond ONLY with A, B, C, or D.

    Question:
    Question 28:
You are a linguist specializing in Moloko. You are given a sentence along with its morpheme breakdown, gloss, and translation. Words are separated by spaces, and morphemes are separated by hyphens. However, a word and its gloss are missing and represented by an underscore. Based on your understanding, please choose the most appropriate option.
Sentence (with missing item): k\'{…Ē}-l…Ē ___
Gloss (with missing item): twoS+PFV-go ___
The English translation of this sentence is:‚ÄėWhere did you go?‚Äô
Here is a relevant knowledge point for this example, with the related morphemes and glosses masked: The elements within non-core adpositional phrases are questioned using the generic location question word amtamay ‚Äėits gloss ___‚Äô \REF{ex:10:64}. This generic location question word does not need to be located inside an adpositional phrase, eliminating the possibility that the locational postposition would follow the interrogative pronoun in the clause allowing the interrogative pronoun to be clause-final. The presupposed information is that the hearer is going someits gloss ___.
Please only return the letter (A‚ÄďD). Do not say anything else.

    Options:
    A: word: kamaj	 gloss: why
B: word: amtamaj	 gloss: where
C: word: aŇčga	 gloss: POSS
D: word: …¨am	 gloss: place

    Answer:
    ",B,B,True,0.8275862068965517
29," Answer the following multiple choice question about Moloko grammar.

    Respond ONLY with A, B, C, or D.

    Question:
    Question 29:
You are a linguist specializing in Moloko. You are given a sentence along with its morpheme breakdown, gloss, and translation. Words are separated by spaces, and morphemes are separated by hyphens. However, a word and its gloss are missing and represented by an underscore. Based on your understanding, please choose the most appropriate option.
Sentence (with missing item): m…Ēg ∑…Ēm n…õh…õ [aŇčga ___
Gloss (with missing item): house DEM POSS ___
The English translation of this sentence is:‚ÄėThis house here belongs to whom?‚Äô
Here is a relevant knowledge point for this example, with the related morphemes and glosses masked: The second clause structure that is employed for interrogative constructions is the predicate nominal. The predicate nominal structure is employed for questioning an element of a predicate nominal clause. (\ref{ex:10:66}‚Äď\ref{ex:10:71}) are example pairs where the first of each pair is a question and the second is a possible response. In \REF{ex:10:66} an aspect of the nominal is questioned with the interrogative pronoun in a prepositional phrase. The prepositional phrase is delimited by square brackets.
Please only return the letter (A‚ÄďD). Do not say anything else.

    Options:
    A: word: m…™ í…õ	 gloss: person
B: word: waj	 gloss: who
C: word: almaj	 gloss: what
D: word: waja	 gloss: because

    Answer:
    ",B,B,True,0.8333333333333334
30," Answer the following multiple choice question about Moloko grammar.

    Respond ONLY with A, B, C, or D.

    Question:
    Question 30:
You are a linguist specializing in Moloko. You are given a sentence along with its morpheme breakdown, gloss, and translation. Words are separated by spaces, and morphemes are separated by hyphens. However, a word and its gloss are missing and represented by an underscore. Based on your understanding, please choose the most appropriate option.
Sentence (with missing item): m…Ēg ∑…Ēm n…õh…õ [aŇčga ___
Gloss (with missing item): house DEM POSS ___
The English translation of this sentence is:‚ÄėThis house here belongs to whom?‚Äô
Here is a relevant knowledge point for this example, with the related morphemes and glosses masked: The second clause structure that is employed for interrogative constructions is the predicate nominal. The predicate nominal structure is employed for questioning an element of a predicate nominal clause. (\ref{ex:10:66}‚Äď\ref{ex:10:71}) are example pairs where the first of each pair is a question and the second is a possible response. In \REF{ex:10:66} an aspect of the nominal is questioned with the interrogative pronoun in a prepositional phrase. The prepositional phrase is delimited by square brackets.
Please only return the letter (A‚ÄďD). Do not say anything else.

    Options:
    A: word: amtamaj	 gloss: where
B: word: m…™ í…õ	 gloss: person
C: word: waja	 gloss: because
D: word: waj	 gloss: who

    Answer:
    ",D,D,True,0.8387096774193549
31," Answer the following multiple choice question about Moloko grammar.

    Respond ONLY with A, B, C, or D.

    Question:
    Question 31:
You are a linguist specializing in Moloko. You are given a sentence along with its morpheme breakdown, gloss, and translation. Words are separated by spaces, and morphemes are separated by hyphens. However, a word and its gloss are missing and represented by an underscore. Based on your understanding, please choose the most appropriate option.
Sentence (with missing item): m…Ēg ∑…Ēm=aŇčg ∑…Ē ___
Gloss (with missing item): home=twoS.POSS ___
The English translation of this sentence is:‚ÄėWhere is your home?‚Äô
Here is a relevant knowledge point for this example, with the related morphemes and glosses masked: In \REF{ex:10:68} and \REF{ex:10:70}, the interrogative word itself is the predicate.
Please only return the letter (A‚ÄďD). Do not say anything else.

    Options:
    A: word: hawa	 gloss: Hawa
B: word: amtamaj	 gloss: where
C: word: kamaj	 gloss: why
D: word: …¨am	 gloss: place

    Answer:
    ",B,B,True,0.84375
32," Answer the following multiple choice question about Moloko grammar.

    Respond ONLY with A, B, C, or D.

    Question:
    Question 32:
You are a linguist specializing in Moloko. You are given a sentence along with its morpheme breakdown, gloss, and translation. Words are separated by spaces, and morphemes are separated by hyphens. However, a word and its gloss are missing and represented by an underscore. Based on your understanding, please choose the most appropriate option.
Sentence (with missing item): bahaj a …¨ala=al äk ∑√łj…õ na ___
Gloss (with missing item): chief GEN village=twoP.POSS PSP ___
The English translation of this sentence is:‚ÄėThe chief of your village is who?‚Äô
Here is a relevant knowledge point for this example, with the related morphemes and glosses masked: In \REF{ex:10:68} and \REF{ex:10:70}, the interrogative word itself is the predicate.
Please only return the letter (A‚ÄďD). Do not say anything else.

    Options:
    A: word: m…™ í…õ	 gloss: person
B: word: waja	 gloss: because
C: word: waj	 gloss: who
D: word: kamaj	 gloss: why

    Answer:
    ",C,C,True,0.8484848484848485
33," Answer the following multiple choice question about Moloko grammar.

    Respond ONLY with A, B, C, or D.

    Question:
    Question 33:
You are a linguist specializing in Moloko. You are given a sentence along with its morpheme breakdown, gloss, and translation. Words are separated by spaces, and morphemes are separated by hyphens. However, a word and its gloss are missing and represented by an underscore. Based on your understanding, please choose the most appropriate option.
Sentence (with missing item): am…™- í…™…ó-…õ d…ôraj na ___
Gloss (with missing item): DEP-take-CL head PSP ___
The English translation of this sentence is:‚ÄėWho will win?‚Äô (lit. the one that takes the head [is] who?)
Here is a relevant knowledge point for this example, with the related morphemes and glosses masked: \REF{ex:10:75} and \REF{ex:10:77} show two other predicate nominal clauses that question what would be the subject of an otherwise verbal clause. \REF{ex:10:76} and \REF{ex:10:78} are possible responses to these questions.
Please only return the letter (A‚ÄďD). Do not say anything else.

    Options:
    A: word: amtamaj	 gloss: where
B: word: waj	 gloss: who
C: word: m…™ í…õ	 gloss: person
D: word: waja	 gloss: because

    Answer:
    ",B,B,True,0.8529411764705882
34," Answer the following multiple choice question about Moloko grammar.

    Respond ONLY with A, B, C, or D.

    Question:
    Question 34:
You are a linguist specializing in Moloko. You are given a sentence along with its morpheme breakdown, gloss, and translation. Words are separated by spaces, and morphemes are separated by hyphens. However, a word and its gloss are missing and represented by an underscore. Based on your understanding, please choose the most appropriate option.
Sentence (with missing item): Mala a-v…ôl=aŇč ___ \ulp{ana}{~} \ulp{m…ôlama}{~}\ulp{=ahaŇč}{~~~~} \ule{na}
Gloss (with missing item): Mala 3S-give=3S.IO ___ DAT sibling=3S.POSS PSP
The English translation of this sentence is:‚ÄėMala gave what to his brother?‚Äô
Here is a relevant knowledge point for this example, with the related morphemes and glosses masked: The third structure for content information questions uses a right-shifted na{}-marked element (see \sectref{sec:11.3}). This structure is employed in cases where it is impossible for a questioned verb phrase element to be clause-final. In \REF{ex:10:79}, the direct object is questioned. In this case the direct object cannot be clause-final since it is necessary to include the information ana m…ôlama ahan ‚Äėto his brother,‚Äô and the prepositional phrase must follow the direct object in the verb phrase (\chapref{chap:8}). Thus in the interrogative structure, the interrogative pronoun replaces the direct object and the rest of the clause is put into a post-posed na{}-marked phrase (underlined in this example). A possible response is shown in \REF{ex:10:80}.
Please only return the letter (A‚ÄďD). Do not say anything else.

    Options:
    A: word: w…õl…õj	 gloss: which
B: word: almaj	 gloss: what
C: word: hawa	 gloss: Hawa
D: word: malmaj	 gloss: what

    Answer:
    ",D,B,False,0.8285714285714286
35," Answer the following multiple choice question about Moloko grammar.

    Respond ONLY with A, B, C, or D.

    Question:
    Question 35:
You are a linguist specializing in Moloko. You are given a sentence along with its morpheme breakdown, gloss, and translation. Words are separated by spaces, and morphemes are separated by hyphens. However, a word and its gloss are missing and represented by an underscore. Based on your understanding, please choose the most appropriate option.
Sentence (with missing item): zar na ndahaŇč baba a Mala ___
Gloss (with missing item): man PSP 3S father GEN Mala ___
The English translation of this sentence is:‚ÄėThat man, is he Mala‚Äôs father?‚Äô
Here is a relevant knowledge point for this example, with the related morphemes and glosses masked: Yes/no questions are interrogative clauses which can be answered by a simple ‚Äėyes‚Äô or ‚Äėno‚Äô ‚Äď they are not asking for content in the reply. Moloko uses the interrogative marker the morpheme ___ at the end of what is otherwise a declarative clause to create yes/no interrogatives. Pure yes-no questions can be answered with either yes or no, but in Moloko there is often a degree of expectation to the question.\footnote{Expectation is a central element in understanding Moloko grammar (see \sectref{sec:7.4.3}), as is what constitutes shared information with the hearer (see \chapref{chap:11}). Questions are constructed in Moloko with that knowledge and expectation in mind, even when seeking new information. Tag questions are discussed in \sectref{sec:10.3.3}.} When a speaker asks a yes/no question (\ref{ex:10:81}‚Äď\ref{ex:10:83}), they are usually expecting an affirmative reply.
Please only return the letter (A‚ÄďD). Do not say anything else.

    Options:
    A: word: =ava	 gloss: \hspaceThis{[=in
B: word: m…õm…õ	 gloss: how
C: word: a-s=aw	 gloss: 3S-please=oneS.IO
D: word: …óaw	 gloss: {Q

    Answer:
    ",D,D,True,0.8333333333333334
36," Answer the following multiple choice question about Moloko grammar.

    Respond ONLY with A, B, C, or D.

    Question:
    Question 36:
You are a linguist specializing in Moloko. You are given a sentence along with its morpheme breakdown, gloss, and translation. Words are separated by spaces, and morphemes are separated by hyphens. However, a word and its gloss are missing and represented by an underscore. Based on your understanding, please choose the most appropriate option.
Sentence (with missing item): zar=aŇčg ∑…Ē ndahaŇč aba ___
Gloss (with missing item): man=twoS.POSS 3S EXT ___
The English translation of this sentence is:‚ÄėIs your husband well?‚Äô (part of a greeting; lit. your husband, does he exist?)
Here is a relevant knowledge point for this example, with the related morphemes and glosses masked: Yes/no questions are interrogative clauses which can be answered by a simple ‚Äėyes‚Äô or ‚Äėno‚Äô ‚Äď they are not asking for content in the reply. Moloko uses the interrogative marker the morpheme ___ at the end of what is otherwise a declarative clause to create yes/no interrogatives. Pure yes-no questions can be answered with either yes or no, but in Moloko there is often a degree of expectation to the question.\footnote{Expectation is a central element in understanding Moloko grammar (see \sectref{sec:7.4.3}), as is what constitutes shared information with the hearer (see \chapref{chap:11}). Questions are constructed in Moloko with that knowledge and expectation in mind, even when seeking new information. Tag questions are discussed in \sectref{sec:10.3.3}.} When a speaker asks a yes/no question (\ref{ex:10:81}‚Äď\ref{ex:10:83}), they are usually expecting an affirmative reply.
Please only return the letter (A‚ÄďD). Do not say anything else.

    Options:
    A: word: a-s=aw	 gloss: 3S-please=oneS.IO
B: word: =ava	 gloss: \hspaceThis{[=in
C: word: alma	 gloss: what
D: word: …óaw	 gloss: {Q

    Answer:
    ",D,D,True,0.8378378378378378
37," Answer the following multiple choice question about Moloko grammar.

    Respond ONLY with A, B, C, or D.

    Question:
    Question 37:
You are a linguist specializing in Moloko. You are given a sentence along with its morpheme breakdown, gloss, and translation. Words are separated by spaces, and morphemes are separated by hyphens. However, a word and its gloss are missing and represented by an underscore. Based on your understanding, please choose the most appropriate option.
Sentence (with missing item): Mana na √°-l=ala ___
Gloss (with missing item): Mana PSP 3S+IPV-go=to ___
The English translation of this sentence is:'Mana, is he coming?'
Here is a relevant knowledge point for this example, with the related morphemes and glosses masked: In \REF{ex:10:82}, the speaker expects that Mana is on his way; he is asking for confirmation (but a negative response is always possible). Likewise in \REF{ex:10:83}, he expects that the referent zar ango ‚Äėyour husband‚Äô is well.
Please only return the letter (A‚ÄďD). Do not say anything else.

    Options:
    A: word: a-s=aw	 gloss: 3S-please=oneS.IO
B: word: alma	 gloss: what
C: word: =ava	 gloss: \hspaceThis{[=in
D: word: …óaw	 gloss: {Q

    Answer:
    ",A,D,False,0.8157894736842105
38," Answer the following multiple choice question about Moloko grammar.

    Respond ONLY with A, B, C, or D.

    Question:
    Question 38:
You are a linguist specializing in Moloko. You are given a sentence along with its morpheme breakdown, gloss, and translation. Words are separated by spaces, and morphemes are separated by hyphens. However, a word and its gloss are missing and represented by an underscore. Based on your understanding, please choose the most appropriate option.
Sentence (with missing item): zar=aŇčg ∑…Ē ndahaŇč aba ___
Gloss (with missing item): man=twoS.POSS 3S EXT ___
The English translation of this sentence is:‚ÄėIs your husband well?‚Äô (part of a greeting; lit. your husband, does he exist?)
Here is a relevant knowledge point for this example, with the related morphemes and glosses masked: In \REF{ex:10:82}, the speaker expects that Mana is on his way; he is asking for confirmation (but a negative response is always possible). Likewise in \REF{ex:10:83}, he expects that the referent zar ango ‚Äėyour husband‚Äô is well.
Please only return the letter (A‚ÄďD). Do not say anything else.

    Options:
    A: word: a-s=aw	 gloss: 3S-please=oneS.IO
B: word: almaj	 gloss: what
C: word: =ava	 gloss: \hspaceThis{[=in
D: word: …óaw	 gloss: {Q

    Answer:
    ",D,D,True,0.8205128205128205
39," Answer the following multiple choice question about Moloko grammar.

    Respond ONLY with A, B, C, or D.

    Question:
    Question 39:
You are a linguist specializing in Moloko. You are given a sentence along with its morpheme breakdown, gloss, and translation. Words are separated by spaces, and morphemes are separated by hyphens. However, a word and its gloss are missing and represented by an underscore. Based on your understanding, please choose the most appropriate option.
Sentence (with missing item): baba=aŇčg ∑…Ē ndahaŇč ava a m…Ēg ∑…Ēm ___
Gloss (with missing item): father=twoS.POSS 3S EXT+in at home ___
The English translation of this sentence is:‚ÄėIs your father in?‚Äô
Here is a relevant knowledge point for this example, with the related morphemes and glosses masked: There is often an even stronger affirmative expectation when the question is negated. Compare the positive and negative pairs of questions (\ref{ex:10:84}‚Äď\ref{ex:10:89}). Some of the negated questions can be used rhetorically (see \sectref{sec:10.3.4}), since the speaker already knows that the answer is yes. In the examples, the interrogative markers and the negative particles are bolded.
Please only return the letter (A‚ÄďD). Do not say anything else.

    Options:
    A: word: a-s=aw	 gloss: 3S-please=oneS.IO
B: word: …óaw	 gloss: {Q
C: word: =ava	 gloss: \hspaceThis{[=in
D: word: maj	 gloss: what

    Answer:
    ",B,B,True,0.825
40," Answer the following multiple choice question about Moloko grammar.

    Respond ONLY with A, B, C, or D.

    Question:
    Question 40:
You are a linguist specializing in Moloko. You are given a sentence along with its morpheme breakdown, gloss, and translation. Words are separated by spaces, and morphemes are separated by hyphens. However, a word and its gloss are missing and represented by an underscore. Based on your understanding, please choose the most appropriate option.
Sentence (with missing item): m…ôlama=aŇčg ∑…Ē √°-l=ala ___ …óaw
Gloss (with missing item): sibling=twoS.POSS 3S+IFV-go=to ___ {Q
The English translation of this sentence is:‚ÄėIs your brother not coming?‚Äô
Here is a relevant knowledge point for this example, with the related morphemes and glosses masked: There is often an even stronger affirmative expectation when the question is negated. Compare the positive and negative pairs of questions (\ref{ex:10:84}‚Äď\ref{ex:10:89}). Some of the negated questions can be used rhetorically (see \sectref{sec:10.3.4}), since the speaker already knows that the answer is yes. In the examples, the interrogative markers and the negative particles are bolded.
Please only return the letter (A‚ÄďD). Do not say anything else.

    Options:
    A: word: t É…™…ó…õw	 gloss: smallness
B: word: asa-baj	 gloss: again-NEG
C: word: …õt…õ	 gloss: please
D: word: baj	 gloss: NEG

    Answer:
    ",D,D,True,0.8292682926829268
41," Answer the following multiple choice question about Moloko grammar.

    Respond ONLY with A, B, C, or D.

    Question:
    Question 41:
You are a linguist specializing in Moloko. You are given a sentence along with its morpheme breakdown, gloss, and translation. Words are separated by spaces, and morphemes are separated by hyphens. However, a word and its gloss are missing and represented by an underscore. Based on your understanding, please choose the most appropriate option.
Sentence (with missing item): m…ôlama=aŇčg ∑…Ē √°-l=ala baj ___
Gloss (with missing item): sibling=twoS.POSS 3S+IFV-go=to NEG ___
The English translation of this sentence is:‚ÄėIs your brother not coming?‚Äô
Here is a relevant knowledge point for this example, with the related morphemes and glosses masked: There is often an even stronger affirmative expectation when the question is negated. Compare the positive and negative pairs of questions (\ref{ex:10:84}‚Äď\ref{ex:10:89}). Some of the negated questions can be used rhetorically (see \sectref{sec:10.3.4}), since the speaker already knows that the answer is yes. In the examples, the interrogative markers and the negative particles are bolded.
Please only return the letter (A‚ÄďD). Do not say anything else.

    Options:
    A: word: =ava	 gloss: \hspaceThis{[=in
B: word: …óaw	 gloss: {Q
C: word: n…õ=ahaŇč	 gloss: oneS=3S.POSS
D: word: a-s=aw	 gloss: 3S-please=oneS.IO

    Answer:
    ",A,B,False,0.8095238095238095
42," Answer the following multiple choice question about Moloko grammar.

    Respond ONLY with A, B, C, or D.

    Question:
    Question 42:
You are a linguist specializing in Moloko. You are given a sentence along with its morpheme breakdown, gloss, and translation. Words are separated by spaces, and morphemes are separated by hyphens. However, a word and its gloss are missing and represented by an underscore. Based on your understanding, please choose the most appropriate option.
Sentence (with missing item): awak=aŇčg ∑…Ē na k√°√°-…¨-aj na ___
Gloss (with missing item): goat=twoS.POSS PSP twoS+POT-slay-CL 3S.DO ___
The English translation of this sentence is:‚ÄėYour goat, are you going to slaughter it?‚Äô
Here is a relevant knowledge point for this example, with the related morphemes and glosses masked: As is the case for the negation construction (see \sectref{sec:10.2.3}), it could be that the entire proposition in the clause is being questioned. However, it is often the case that only the final constituent is being questioned. Often the clause is restructured when a constituent of the clause is questioned so that the constituent is in final position. In \REF{ex:10:90} the direct object is fronted and marked as presupposed (it is the topic of discussion) so that the other elements in the clause are questioned (see \sectref{sec:10.3.2}). See also \REF{ex:10:82} where the subject is marked as presupposed and it is whether or not he is coming that is being questioned.
Please only return the letter (A‚ÄďD). Do not say anything else.

    Options:
    A: word: a-s=aw	 gloss: 3S-please=oneS.IO
B: word: …õt…õ	 gloss: please
C: word: =ava	 gloss: \hspaceThis{[=in
D: word: …óaw	 gloss: {Q

    Answer:
    ",D,D,True,0.813953488372093
43," Answer the following multiple choice question about Moloko grammar.

    Respond ONLY with A, B, C, or D.

    Question:
    Question 43:
You are a linguist specializing in Moloko. You are given a sentence along with its morpheme breakdown, gloss, and translation. Words are separated by spaces, and morphemes are separated by hyphens. However, a word and its gloss are missing and represented by an underscore. Based on your understanding, please choose the most appropriate option.
Sentence (with missing item): Mana na √°-l=ala ___
Gloss (with missing item): Mana PSP 3S+IPV-go=to ___
The English translation of this sentence is:'Mana, is he coming?'
Here is a relevant knowledge point for this example, with the related morphemes and glosses masked: As is the case for the negation construction (see \sectref{sec:10.2.3}), it could be that the entire proposition in the clause is being questioned. However, it is often the case that only the final constituent is being questioned. Often the clause is restructured when a constituent of the clause is questioned so that the constituent is in final position. In \REF{ex:10:90} the direct object is fronted and marked as presupposed (it is the topic of discussion) so that the other elements in the clause are questioned (see \sectref{sec:10.3.2}). See also \REF{ex:10:82} where the subject is marked as presupposed and it is whether or not he is coming that is being questioned.
Please only return the letter (A‚ÄďD). Do not say anything else.

    Options:
    A: word: a-s=aw	 gloss: 3S-please=oneS.IO
B: word: …óaw	 gloss: {Q
C: word: =ava	 gloss: \hspaceThis{[=in
D: word: almaj	 gloss: what

    Answer:
    ",B,B,True,0.8181818181818182
44," Answer the following multiple choice question about Moloko grammar.

    Respond ONLY with A, B, C, or D.

    Question:
    Question 44:
You are a linguist specializing in Moloko. You are given a sentence along with its morpheme breakdown, gloss, and translation. Words are separated by spaces, and morphemes are separated by hyphens. However, a word and its gloss are missing and represented by an underscore. Based on your understanding, please choose the most appropriate option.
Sentence (with missing item): [s äl…Ēm ga] ___
Gloss (with missing item): goodness ADJ ___
The English translation of this sentence is:‚Äė[Is that] good?‚Äô
Here is a relevant knowledge point for this example, with the related morphemes and glosses masked: Other question tags are evaluative. Example \REF{ex:10:94} is a question tag asked in a context where the speaker is examining something physically (perhaps at the market as he is considering to buy it) or analysing and evaluating an event.
Please only return the letter (A‚ÄďD). Do not say anything else.

    Options:
    A: word: a-s=aw	 gloss: 3S-please=oneS.IO
B: word: =ava	 gloss: \hspaceThis{[=in
C: word: …óaw	 gloss: {Q
D: word: n…õ=ahaŇč	 gloss: oneS=3S.POSS

    Answer:
    ",C,C,True,0.8222222222222222
45," Answer the following multiple choice question about Moloko grammar.

    Respond ONLY with A, B, C, or D.

    Question:
    Question 45:
You are a linguist specializing in Moloko. You are given a sentence along with its morpheme breakdown, gloss, and translation. Words are separated by spaces, and morphemes are separated by hyphens. However, a word and its gloss are missing and represented by an underscore. Based on your understanding, please choose the most appropriate option.
Sentence (with missing item): m…™ í…õ=ahaj ta-g=aw …õl…õ lala baj ___
Gloss (with missing item): person=Pl 3P-do=oneS.IO thing good NEG ___
The English translation of this sentence is:‚ÄėThe people had no reason to do this bad thing to me.‚Äô (lit. the people did the bad thing to me why?)
Here is a relevant knowledge point for this example, with the related morphemes and glosses masked: In a rhetorical question, the speaker is not pragmatically asking for information. Rather, the questions can be evaluative, may carry an element of reproach, or may be a mild command. The context gives the rhetorical force. Some rhetorical questions have a special emphatic structure (see \sectref{sec:10.3.5}) but many have the normal interrogative structure for a content question (\ref{ex:10:95}‚Äď\ref{ex:10:96}, see \sectref{sec:10.3.1}). For example, the speaker is not seeking an explanation when he asks kamay ‚Äėits gloss ___‚Äô in \REF{ex:10:95}. More probably he is making a strong statement, ‚Äėthe people had no reason to do this bad thing to me.‚Äô Likewise in \REF{ex:10:96}, the speaker is saying that the listener will listen to no one.
Please only return the letter (A‚ÄďD). Do not say anything else.

    Options:
    A: word: kamaj	 gloss: why
B: word: waj	 gloss: who
C: word: waja	 gloss: because
D: word: amtamaj	 gloss: where

    Answer:
    ",A,A,True,0.8260869565217391
46," Answer the following multiple choice question about Moloko grammar.

    Respond ONLY with A, B, C, or D.

    Question:
    Question 46:
You are a linguist specializing in Moloko. You are given a sentence along with its morpheme breakdown, gloss, and translation. Words are separated by spaces, and morphemes are separated by hyphens. However, a word and its gloss are missing and represented by an underscore. Based on your understanding, please choose the most appropriate option.
Sentence (with missing item): m…™ í…õ=ahaj ta-g=aw …õl…õ lala baj ___
Gloss (with missing item): person=Pl 3P-do=oneS.IO thing good NEG ___
The English translation of this sentence is:‚ÄėThe people had no reason to do this bad thing to me.‚Äô (lit. the people did the bad thing to me why?)
Here is a relevant knowledge point for this example, with the related morphemes and glosses masked: In a rhetorical question, the speaker is not pragmatically asking for information. Rather, the questions can be evaluative, may carry an element of reproach, or may be a mild command. The context gives the rhetorical force. Some rhetorical questions have a special emphatic structure (see \sectref{sec:10.3.5}) but many have the normal interrogative structure for a content question (\ref{ex:10:95}‚Äď\ref{ex:10:96}, see \sectref{sec:10.3.1}). For example, the speaker is not seeking an explanation when he asks kamay ‚Äėits gloss ___‚Äô in \REF{ex:10:95}. More probably he is making a strong statement, ‚Äėthe people had no reason to do this bad thing to me.‚Äô Likewise in \REF{ex:10:96}, the speaker is saying that the listener will listen to no one.
Please only return the letter (A‚ÄďD). Do not say anything else.

    Options:
    A: word: waja	 gloss: because
B: word: kamaj	 gloss: why
C: word: m…õj	 gloss: how?
D: word: amtamaj	 gloss: where

    Answer:
    ",B,B,True,0.8297872340425532
47," Answer the following multiple choice question about Moloko grammar.

    Respond ONLY with A, B, C, or D.

    Question:
    Question 47:
You are a linguist specializing in Moloko. You are given a sentence along with its morpheme breakdown, gloss, and translation. Words are separated by spaces, and morphemes are separated by hyphens. However, a word and its gloss are missing and represented by an underscore. Based on your understanding, please choose the most appropriate option.
Sentence (with missing item): k\'{…Ē}-l…Ē …õl…õ=aŇčg ∑…Ē s äl…Ēm ga baj ___
Gloss (with missing item): twoS+IFV-go thing=twoS.POSS good ADJ NEG ___
The English translation of this sentence is:‚Äė[If] you mind your own business (lit. go to your things), [is that] not good?‚Äô
Here is a relevant knowledge point for this example, with the related morphemes and glosses masked: Other rhetorical questions have the same structure as a tag question (\ref{ex:10:97}‚Äď\ref{ex:10:98}, see \sectref{sec:10.3.3}). However either there is no expected answer or the expected answer is the opposite of that for a normal yes/no tag question. For example, during the telling of the text from which \REF{ex:10:97} is taken, when the storyteller asked the rhetorical question lala the morpheme ___ ‚Äė[is that] good?‚Äô the people in the audience replied lala bay ‚Äė[it is] not good.‚Äô (even though the answer was obvious from the story). Likewise, in \REF{ex:10:98}, the audience replied s…ôlom ga ‚Äė[it is] good‚Äô to the rhetorical question s…ôlom ga bay the morpheme ___ ‚Äė[is that] not good?‚Äô
Please only return the letter (A‚ÄďD). Do not say anything else.

    Options:
    A: word: a-s=aw	 gloss: 3S-please=oneS.IO
B: word: …óaw	 gloss: {Q
C: word: =ava	 gloss: \hspaceThis{[=in
D: word: maj	 gloss: what

    Answer:
    ",A,B,False,0.8125
48," Answer the following multiple choice question about Moloko grammar.

    Respond ONLY with A, B, C, or D.

    Question:
    Question 48:
You are a linguist specializing in Moloko. You are given a sentence along with its morpheme breakdown, gloss, and translation. Words are separated by spaces, and morphemes are separated by hyphens. However, a word and its gloss are missing and represented by an underscore. Based on your understanding, please choose the most appropriate option.
Sentence (with missing item): k\'{…Ē}-l…Ē …õl…õ=aŇčg ∑…Ē s äl…Ēm ga baj ___
Gloss (with missing item): twoS+IFV-go thing=twoS.POSS good ADJ NEG ___
The English translation of this sentence is:‚Äė[If] you mind your own business (lit. go to your things), [is that] not good?‚Äô
Here is a relevant knowledge point for this example, with the related morphemes and glosses masked: Other rhetorical questions have the same structure as a tag question (\ref{ex:10:97}‚Äď\ref{ex:10:98}, see \sectref{sec:10.3.3}). However either there is no expected answer or the expected answer is the opposite of that for a normal yes/no tag question. For example, during the telling of the text from which \REF{ex:10:97} is taken, when the storyteller asked the rhetorical question lala the morpheme ___ ‚Äė[is that] good?‚Äô the people in the audience replied lala bay ‚Äė[it is] not good.‚Äô (even though the answer was obvious from the story). Likewise, in \REF{ex:10:98}, the audience replied s…ôlom ga ‚Äė[it is] good‚Äô to the rhetorical question s…ôlom ga bay the morpheme ___ ‚Äė[is that] not good?‚Äô
Please only return the letter (A‚ÄďD). Do not say anything else.

    Options:
    A: word: =ava	 gloss: \hspaceThis{[=in
B: word: a-s=aw	 gloss: 3S-please=oneS.IO
C: word: …óaw	 gloss: {Q
D: word: …õt…õ	 gloss: please

    Answer:
    ",A,C,False,0.7959183673469388
49," Answer the following multiple choice question about Moloko grammar.

    Respond ONLY with A, B, C, or D.

    Question:
    Question 49:
You are a linguist specializing in Moloko. You are given a sentence along with its morpheme breakdown, gloss, and translation. Words are separated by spaces, and morphemes are separated by hyphens. However, a word and its gloss are missing and represented by an underscore. Based on your understanding, please choose the most appropriate option.
Sentence (with missing item): \ \ ___ am…ô-g=…Ēk na waj
Gloss (with missing item): \ \ ___ DEP-do=twoS.IO 3S.DO who
The English translation of this sentence is:\ \ ‚ÄėWhat is wrong?‚Äô / ‚ÄėStop crying!‚Äô (lit. who to do it to you, who)
Here is a relevant knowledge point for this example, with the related morphemes and glosses masked: These reduced interrogative pronouns are the morpheme ___ (from the morpheme ___y ‚Äėits gloss ___‚Äô) in \REF{ex:10:100}, \REF{ex:10:102}, \REF{ex:10:103}, may and alma (from almay ‚Äėwhat‚Äô) in \REF{ex:10:101} and \REF{ex:10:104}, respectively, malma (from malmay ‚Äėwhat‚Äô) in \REF{ex:10:105}, and meme and mey (from memey ‚Äėhow‚Äô) in \REF{ex:10:106}.
Please only return the letter (A‚ÄďD). Do not say anything else.

    Options:
    A: word: waja	 gloss: because
B: word: aŇčga	 gloss: POSS
C: word: m…™ í…õ	 gloss: person
D: word: wa	 gloss: who

    Answer:
    ",D,D,True,0.8
